Country,Product Description,Manufacturer Part Number,Customer Price,Currency,Product
Australia,Basket tray,Basket Tray,200,AUD,EIS Cage Accessories
Australia,Basket Tray | Additional Cable Exit | Vertical Drop,Basket Tray,65,AUD,EIS Cage Accessories
Australia,Fiber Tray,Fiber Tray,800,AUD,EIS Cage Accessories
Australia,Fiber Tray | Additional Cable Exit | Vertical Drop,Fiber Tray,300,AUD,EIS Cage Accessories
Brazil,Basket Tray | 12in | 300mm | Wide,Basket Tray,4466,BRL,EIS Cage Accessories
Brazil,Basket Tray | 2in | Divider Strip,Basket Tray,317,BRL,EIS Cage Accessories
Brazil,Basket Tray | 4in | 100mm | Wide,Basket Tray,4066,BRL,EIS Cage Accessories
Brazil,Basket Tray | 6in | 150mm | Wide,Basket Tray,4133,BRL,EIS Cage Accessories
Brazil,Basket Tray | 8in | 200mm | Wide,Basket Tray,4200,BRL,EIS Cage Accessories
Brazil,Basket Tray | Additional Cable Exit | Vertical Drop,Basket Tray,133,BRL,EIS Cage Accessories
Brazil,Basket Tray | Cable DropOut Kit,Basket Tray,2067,BRL,EIS Cage Accessories
Brazil,Basket Tray | RADT90 Radius Shield,Basket Tray,667,BRL,EIS Cage Accessories
Brazil,Basket Tray | Water Fall DropOut,Basket Tray,133,BRL,EIS Cage Accessories
Brazil,Copper Tray | 12in | 300mm | Wide,Copper Tray,3200,BRL,EIS Cage Accessories
Brazil,Copper Tray | 18in | 460mm | Wide,Copper Tray,3333,BRL,EIS Cage Accessories
Brazil,Fiber Tray | 12in | 300mm | Wide,Fiber Tray,7200,BRL,EIS Cage Accessories
Brazil,Fiber Tray | 4in | 100mm | Wide,Fiber Tray,4867,BRL,EIS Cage Accessories
Brazil,Fiber Tray | 6in | 150mm | Wide,Fiber Tray,6267,BRL,EIS Cage Accessories
Brazil,Fiber Tray | Additional Cable Exit | Vertical Drop | 2in | 50mm,Fiber Tray,1267,BRL,EIS Cage Accessories
Brazil,Fiber Tray | Additional Cable Exit | Vertical Drop | 4in | 100mm,Fiber Tray,2400,BRL,EIS Cage Accessories
Canada,Basket Tray | 12in | 300mm | Wide,Basket Tray,733,CAD,EIS Cage Accessories
Canada,Basket Tray | 2in | Divider Strip,Basket Tray,20,CAD,EIS Cage Accessories
Canada,Basket Tray | 4in | 100mm | Wide,Basket Tray,683,CAD,EIS Cage Accessories
Canada,Basket Tray | 6in | 150mm | Wide,Basket Tray,693,CAD,EIS Cage Accessories
Canada,Basket Tray | 8in | 200mm | Wide,Basket Tray,700,CAD,EIS Cage Accessories
Canada,Basket Tray | Additional Cable Exit | Vertical Drop,Basket Tray,33,CAD,EIS Cage Accessories
Canada,Basket Tray | Cable DropOut Kit,Basket Tray,43,CAD,EIS Cage Accessories
Canada,Basket Tray | RADT90 Radius Shield,Basket Tray,40,CAD,EIS Cage Accessories
Canada,Basket Tray | Water Fall DropOut,Basket Tray,43,CAD,EIS Cage Accessories
Canada,Copper Tray | 12in | 300mm | Wide,Copper Tray,717,CAD,EIS Cage Accessories
Canada,Copper Tray | 18in | 460mm | Wide,Copper Tray,767,CAD,EIS Cage Accessories
Canada,Fiber Tray | 12in | 300mm | Wide,Fiber Tray,993,CAD,EIS Cage Accessories
Canada,Fiber Tray | 4in | 100mm | Wide,Fiber Tray,780,CAD,EIS Cage Accessories
Canada,Fiber Tray | 6in | 150mm | Wide,Fiber Tray,893,CAD,EIS Cage Accessories
Canada,Fiber Tray | Additional Cable Exit | Vertical Drop | 2in | 50mm,Fiber Tray,113,CAD,EIS Cage Accessories
Canada,Fiber Tray | Additional Cable Exit | Vertical Drop | 4in | 100mm,Fiber Tray,193,CAD,EIS Cage Accessories
Chile,Basket Tray | 12in | 300mm | Wide,Basket Tray,17,CLF,EIS Cage Accessories
Chile,Basket Tray | 2in | Divider Strip,Basket Tray,1,CLF,EIS Cage Accessories
Chile,Basket Tray | 4in | 100mm | Wide,Basket Tray,15,CLF,EIS Cage Accessories
Chile,Basket Tray | 6in | 150mm | Wide,Basket Tray,16,CLF,EIS Cage Accessories
Chile,Basket Tray | 8in | 200mm | Wide,Basket Tray,16,CLF,EIS Cage Accessories
Chile,Basket Tray | Additional Cable Exit | Vertical Drop,Basket Tray,1,CLF,EIS Cage Accessories
Chile,Basket Tray | Cable DropOut Kit,Basket Tray,1,CLF,EIS Cage Accessories
Chile,Basket Tray | RADT90 Radius Shield,Basket Tray,1,CLF,EIS Cage Accessories
Chile,Basket Tray | Water Fall DropOut,Basket Tray,1,CLF,EIS Cage Accessories
Chile,Copper Tray | 12in | 300mm | Wide,Copper Tray,15,CLF,EIS Cage Accessories
Chile,Copper Tray | 18in | 460mm | Wide,Copper Tray,15,CLF,EIS Cage Accessories
Chile,Fiber Tray | 12in | 300mm | Wide,Fiber Tray,23,CLF,EIS Cage Accessories
Chile,Fiber Tray | 4in | 100mm | Wide,Fiber Tray,18,CLF,EIS Cage Accessories
Chile,Fiber Tray | 6in | 150mm | Wide,Fiber Tray,20,CLF,EIS Cage Accessories
Chile,Fiber Tray | Additional Cable Exit | Vertical Drop | 2in | 50mm,Fiber Tray,3,CLF,EIS Cage Accessories
Chile,Fiber Tray | Additional Cable Exit | Vertical Drop | 4in | 100mm,Fiber Tray,5,CLF,EIS Cage Accessories
China,Basket Tray | 8in | 200mm | Wide,Basket Tray,2007,CNY,EIS Cage Accessories
China,Basket Tray | Additional Cable Exit | Vertical Drop,Basket Tray,66,CNY,EIS Cage Accessories
China,Copper Tray | 12in | 300mm | Wide,Copper Tray,2592,CNY,EIS Cage Accessories
China,Fiber Tray | 6in | 150mm | Wide,Fiber Tray,7098,CNY,EIS Cage Accessories
China,Fiber Tray | Additional Cable Exit | Vertical Drop | 4in | 100mm,Fiber Tray,1162,CNY,EIS Cage Accessories
Colombia,Basket Tray | 12in | 300mm | Wide,Basket Tray,2205736,COP,EIS Cage Accessories
Colombia,Basket Tray | 2in | Divider Strip,Basket Tray,53231,COP,EIS Cage Accessories
Colombia,Basket Tray | 4in | 100mm | Wide,Basket Tray,1972492,COP,EIS Cage Accessories
Colombia,Basket Tray | 6in | 150mm | Wide,Basket Tray,2003349,COP,EIS Cage Accessories
Colombia,Basket Tray | 8in | 200mm | Wide,Basket Tray,2042454,COP,EIS Cage Accessories
Colombia,Basket Tray | Additional Cable Exit | Vertical Drop,Basket Tray,44391,COP,EIS Cage Accessories
Colombia,Basket Tray | Cable DropOut Kit,Basket Tray,128163,COP,EIS Cage Accessories
Colombia,Basket Tray | RADT90 Radius Shield,Basket Tray,117431,COP,EIS Cage Accessories
Colombia,Basket Tray | Water Fall DropOut,Basket Tray,44391,COP,EIS Cage Accessories
Colombia,Copper Tray | 12in | 300mm | Wide,Copper Tray,1407580,COP,EIS Cage Accessories
Colombia,Copper Tray | 18in | 460mm | Wide,Copper Tray,2103577,COP,EIS Cage Accessories
Colombia,Fiber Tray | 12in | 300mm | Wide,Fiber Tray,2920227,COP,EIS Cage Accessories
Colombia,Fiber Tray | 4in | 100mm | Wide,Fiber Tray,2277070,COP,EIS Cage Accessories
Colombia,Fiber Tray | 6in | 150mm | Wide,Fiber Tray,2609160,COP,EIS Cage Accessories
Colombia,Fiber Tray | Additional Cable Exit | Vertical Drop | 2in | 50mm,Fiber Tray,285803,COP,EIS Cage Accessories
Colombia,Fiber Tray | Additional Cable Exit | Vertical Drop | 4in | 100mm,Fiber Tray,539527,COP,EIS Cage Accessories
Finland,Copper Tray | 12in | 300mm | Wide,Copper Tray,431,EUR,EIS Cage Accessories
Finland,Copper Tray | 18in | 460mm | Wide,Copper Tray,548,EUR,EIS Cage Accessories
Finland,Fiber Tray | 12in | 300mm | Wide,Fiber Tray,669,EUR,EIS Cage Accessories
Finland,Fiber Tray | 4in | 100mm | Wide,Fiber Tray,376,EUR,EIS Cage Accessories
Finland,Fiber Tray | 6in | 150mm | Wide,Fiber Tray,493,EUR,EIS Cage Accessories
Finland,Fiber Tray | Additional Cable Exit | Vertical Drop | 2in | 50mm,Fiber Tray,82,EUR,EIS Cage Accessories
Finland,Fiber Tray | Additional Cable Exit | Vertical Drop | 4in | 100mm,Fiber Tray,154,EUR,EIS Cage Accessories
France,Copper Tray | 12in | 300mm | Wide,Copper Tray,406,EUR,EIS Cage Accessories
France,Copper Tray | 18in | 460mm | Wide,Copper Tray,468,EUR,EIS Cage Accessories
France,Fiber Tray | 12in | 300mm | Wide,Fiber Tray,581,EUR,EIS Cage Accessories
France,Fiber Tray | 4in | 100mm | Wide,Fiber Tray,326,EUR,EIS Cage Accessories
France,Fiber Tray | 6in | 150mm | Wide,Fiber Tray,457,EUR,EIS Cage Accessories
France,Fiber Tray | Additional Cable Exit | Vertical Drop | 2in | 50mm,Fiber Tray,82,EUR,EIS Cage Accessories
France,Fiber Tray | Additional Cable Exit | Vertical Drop | 4in | 100mm,Fiber Tray,154,EUR,EIS Cage Accessories
Germany,Copper Tray | 12in | 300mm | Wide,Copper Tray,396,EUR,EIS Cage Accessories
Germany,Copper Tray | 18in | 460mm | Wide,Copper Tray,468,EUR,EIS Cage Accessories
Germany,Fiber Tray | 12in | 300mm | Wide,Fiber Tray,581,EUR,EIS Cage Accessories
Germany,Fiber Tray | 4in | 100mm | Wide,Fiber Tray,326,EUR,EIS Cage Accessories
Germany,Fiber Tray | 6in | 150mm | Wide,Fiber Tray,435,EUR,EIS Cage Accessories
Germany,Fiber Tray | Additional Cable Exit | Vertical Drop | 2in | 50mm,Fiber Tray,82,EUR,EIS Cage Accessories
Germany,Fiber Tray | Additional Cable Exit | Vertical Drop | 4in | 100mm,Fiber Tray,154,EUR,EIS Cage Accessories
Hong Kong,Copper Tray | 12in | 300mm | Wide,Copper Tray,2141,HKD,EIS Cage Accessories
Hong Kong,Fiber Tray | 4in | 100mm | Wide,Fiber Tray,5096,HKD,EIS Cage Accessories
Hong Kong,Fiber Tray | Additional Cable Exit | Vertical Drop | 2in | 50mm,Fiber Tray,1172,HKD,EIS Cage Accessories
Indonesia,Basket Tray | 12in | 300mm | Wide,Basket Tray,7365106,IDR,EIS Cage Accessories
Indonesia,Basket Tray | Additional Cable Exit | Vertical Drop,Basket Tray,279860,IDR,EIS Cage Accessories
Indonesia,Fiber Tray | 6in | 150mm | Wide,Fiber Tray,26714226,IDR,EIS Cage Accessories
Indonesia,Fiber Tray | Additional Cable Exit | Vertical Drop | 4in | 100mm,Fiber Tray,12099920,IDR,EIS Cage Accessories
Ireland,Copper Tray | 12in | 300mm | Wide,Copper Tray,438,EUR,EIS Cage Accessories
Ireland,Copper Tray | 18in | 460mm | Wide,Copper Tray,468,EUR,EIS Cage Accessories
Ireland,Fiber Tray | 12in | 300mm | Wide,Fiber Tray,592,EUR,EIS Cage Accessories
Ireland,Fiber Tray | 4in | 100mm | Wide,Fiber Tray,326,EUR,EIS Cage Accessories
Ireland,Fiber Tray | 6in | 150mm | Wide,Fiber Tray,435,EUR,EIS Cage Accessories
Ireland,Fiber Tray | Additional Cable Exit | Vertical Drop | 2in | 50mm,Fiber Tray,82,EUR,EIS Cage Accessories
Ireland,Fiber Tray | Additional Cable Exit | Vertical Drop | 4in | 100mm,Fiber Tray,154,EUR,EIS Cage Accessories
Italy,Copper Tray | 12in | 300mm | Wide,Copper Tray,573,EUR,EIS Cage Accessories
Italy,Copper Tray | 18in | 460mm | Wide,Copper Tray,614,EUR,EIS Cage Accessories
Italy,Fiber Tray | 12in | 300mm | Wide,Fiber Tray,727,EUR,EIS Cage Accessories
Italy,Fiber Tray | 4in | 100mm | Wide,Fiber Tray,326,EUR,EIS Cage Accessories
Italy,Fiber Tray | 6in | 150mm | Wide,Fiber Tray,509,EUR,EIS Cage Accessories
Italy,Fiber Tray | Additional Cable Exit | Vertical Drop | 2in | 50mm,Fiber Tray,82,EUR,EIS Cage Accessories
Italy,Fiber Tray | Additional Cable Exit | Vertical Drop | 4in | 100mm,Fiber Tray,154,EUR,EIS Cage Accessories
Japan,Basket Tray | 12in | 300mm | Wide,Basket Tray,125720,JPY,EIS Cage Accessories
Japan,Basket Tray | Additional Cable Exit | Vertical Drop,Basket Tray,3920,JPY,EIS Cage Accessories
Japan,Copper Tray | 18in | 460mm | Wide,Copper Tray,119000,JPY,EIS Cage Accessories
Japan,Fiber Tray | 6in | 150mm | Wide,Fiber Tray,188874,JPY,EIS Cage Accessories
Japan,Fiber Tray | Additional Cable Exit | Vertical Drop | 4in | 100mm,Fiber Tray,41874,JPY,EIS Cage Accessories
Malaysia,Basket Tray | 12in | 300mm | Wide,Basket Tray,2769,MYR,EIS Cage Accessories
Malaysia,Basket Tray | Additional Cable Exit | Vertical Drop,Basket Tray,158,MYR,EIS Cage Accessories
Malaysia,Fiber Tray | 6in | 150mm | Wide,Fiber Tray,7105,MYR,EIS Cage Accessories
Malaysia,Fiber Tray | Additional Cable Exit | Vertical Drop | 4in | 100mm,Fiber Tray,2156,MYR,EIS Cage Accessories
Mexico,Basket Tray | 12in | 300mm | Wide,Basket Tray,650,USD,EIS Cage Accessories
Mexico,Basket Tray | 2in | Divider Strip,Basket Tray,17,USD,EIS Cage Accessories
Mexico,Basket Tray | 4in | 100mm | Wide,Basket Tray,567,USD,EIS Cage Accessories
Mexico,Basket Tray | 6in | 150mm | Wide,Basket Tray,584,USD,EIS Cage Accessories
Mexico,Basket Tray | 8in | 200mm | Wide,Basket Tray,600,USD,EIS Cage Accessories
Mexico,Basket Tray | Additional Cable Exit | Vertical Drop,Basket Tray,17,USD,EIS Cage Accessories
Mexico,Basket Tray | Cable DropOut Kit,Basket Tray,20,USD,EIS Cage Accessories
Mexico,Basket Tray | RADT90 Radius Shield,Basket Tray,43,USD,EIS Cage Accessories
Mexico,Basket Tray | Water Fall DropOut,Basket Tray,17,USD,EIS Cage Accessories
Mexico,Copper Tray | 12in | 300mm | Wide,Copper Tray,583,USD,EIS Cage Accessories
Mexico,Copper Tray | 18in | 460mm | Wide,Copper Tray,600,USD,EIS Cage Accessories
Mexico,Fiber Tray | 12in | 300mm | Wide,Fiber Tray,824,USD,EIS Cage Accessories
Mexico,Fiber Tray | 4in | 100mm | Wide,Fiber Tray,650,USD,EIS Cage Accessories
Mexico,Fiber Tray | 6in | 150mm | Wide,Fiber Tray,737,USD,EIS Cage Accessories
Mexico,Fiber Tray | Additional Cable Exit | Vertical Drop | 2in | 50mm,Fiber Tray,83,USD,EIS Cage Accessories
Mexico,Fiber Tray | Additional Cable Exit | Vertical Drop | 4in | 100mm,Fiber Tray,157,USD,EIS Cage Accessories
Netherlands,Copper Tray | 12in | 300mm | Wide,Copper Tray,395,EUR,EIS Cage Accessories
Netherlands,Copper Tray | 18in | 460mm | Wide,Copper Tray,468,EUR,EIS Cage Accessories
Netherlands,Fiber Tray | 12in | 300mm | Wide,Fiber Tray,581,EUR,EIS Cage Accessories
Netherlands,Fiber Tray | 4in | 100mm | Wide,Fiber Tray,326,EUR,EIS Cage Accessories
Netherlands,Fiber Tray | 6in | 150mm | Wide,Fiber Tray,447,EUR,EIS Cage Accessories
Netherlands,Fiber Tray | Additional Cable Exit | Vertical Drop | 2in | 50mm,Fiber Tray,82,EUR,EIS Cage Accessories
Netherlands,Fiber Tray | Additional Cable Exit | Vertical Drop | 4in | 100mm,Fiber Tray,154,EUR,EIS Cage Accessories
Peru,Basket Tray | 12in | 300mm | Wide,Basket Tray,610,USD,EIS Cage Accessories
Peru,Basket Tray | 2in | Divider Strip,Basket Tray,18,USD,EIS Cage Accessories
Peru,Basket Tray | 4in | 100mm | Wide,Basket Tray,537,USD,EIS Cage Accessories
Peru,Basket Tray | 6in | 150mm | Wide,Basket Tray,548,USD,EIS Cage Accessories
Peru,Basket Tray | 8in | 200mm | Wide,Basket Tray,559,USD,EIS Cage Accessories
Peru,Basket Tray | Additional Cable Exit | Vertical Drop,Basket Tray,14,USD,EIS Cage Accessories
Peru,Basket Tray | Cable DropOut Kit,Basket Tray,14,USD,EIS Cage Accessories
Peru,Basket Tray | RADT90 Radius Shield,Basket Tray,36,USD,EIS Cage Accessories
Peru,Basket Tray | Water Fall DropOut,Basket Tray,40,USD,EIS Cage Accessories
Peru,Copper Tray | 12in | 300mm | Wide,Copper Tray,545,USD,EIS Cage Accessories
Peru,Copper Tray | 18in | 460mm | Wide,Copper Tray,563,USD,EIS Cage Accessories
Peru,Fiber Tray | 12in | 300mm | Wide,Fiber Tray,757,USD,EIS Cage Accessories
Peru,Fiber Tray | 4in | 100mm | Wide,Fiber Tray,610,USD,EIS Cage Accessories
Peru,Fiber Tray | 6in | 150mm | Wide,Fiber Tray,715,USD,EIS Cage Accessories
Peru,Fiber Tray | Additional Cable Exit | Vertical Drop | 2in | 50mm,Fiber Tray,82,USD,EIS Cage Accessories
Peru,Fiber Tray | Additional Cable Exit | Vertical Drop | 4in | 100mm,Fiber Tray,157,USD,EIS Cage Accessories
Philippines,Basket Tray | 12in | 300mm | Wide,Basket Tray,32349,PHP,EIS Cage Accessories
Philippines,Basket Tray | Additional Cable Exit | Vertical Drop,Basket Tray,1652,PHP,EIS Cage Accessories
Philippines,Fiber Tray | 6in | 150mm | Wide,Fiber Tray,42822,PHP,EIS Cage Accessories
Philippines,Fiber Tray | Additional Cable Exit | Vertical Drop | 4in | 100mm,Fiber Tray,1652,PHP,EIS Cage Accessories
Poland,Copper Tray | 12in | 300mm | Wide,Copper Tray,1680,PLN,EIS Cage Accessories
Poland,Copper Tray | 18in | 460mm | Wide,Copper Tray,1991,PLN,EIS Cage Accessories
Poland,Fiber Tray | 12in | 300mm | Wide,Fiber Tray,2462,PLN,EIS Cage Accessories
Poland,Fiber Tray | 4in | 100mm | Wide,Fiber Tray,1387,PLN,EIS Cage Accessories
Poland,Fiber Tray | 6in | 150mm | Wide,Fiber Tray,1892,PLN,EIS Cage Accessories
Poland,Fiber Tray | Additional Cable Exit | Vertical Drop | 2in | 50mm,Fiber Tray,349,PLN,EIS Cage Accessories
Poland,Fiber Tray | Additional Cable Exit | Vertical Drop | 4in | 100mm,Fiber Tray,646,PLN,EIS Cage Accessories
Portugal,Copper Tray | 12in | 300mm | Wide,Copper Tray,424,EUR,EIS Cage Accessories
Portugal,Copper Tray | 18in | 460mm | Wide,Copper Tray,468,EUR,EIS Cage Accessories
Portugal,Fiber Tray | 12in | 300mm | Wide,Fiber Tray,581,EUR,EIS Cage Accessories
Portugal,Fiber Tray | 4in | 100mm | Wide,Fiber Tray,326,EUR,EIS Cage Accessories
Portugal,Fiber Tray | 6in | 150mm | Wide,Fiber Tray,475,EUR,EIS Cage Accessories
Portugal,Fiber Tray | Additional Cable Exit | Vertical Drop | 2in | 50mm,Fiber Tray,82,EUR,EIS Cage Accessories
Portugal,Fiber Tray | Additional Cable Exit | Vertical Drop | 4in | 100mm,Fiber Tray,154,EUR,EIS Cage Accessories
Republic of Korea,Basket Tray | 12in | 300mm | Wide,Basket Tray,553000,KRW,EIS Cage Accessories
Republic of Korea,Basket Tray | Additional Cable Exit | Vertical Drop,Basket Tray,49000,KRW,EIS Cage Accessories
Republic of Korea,Fiber Tray | 6in | 150mm | Wide,Fiber Tray,943600,KRW,EIS Cage Accessories
Republic of Korea,Fiber Tray | Additional Cable Exit | Vertical Drop | 4in | 100mm,Fiber Tray,322000,KRW,EIS Cage Accessories
Singapore,Basket Tray | 12in | 300mm | Wide,Basket Tray,518,SGD,EIS Cage Accessories
Singapore,Basket Tray | Additional Cable Exit | Vertical Drop,Basket Tray,14,SGD,EIS Cage Accessories
Singapore,Fiber Tray | 6in | 150mm | Wide,Fiber Tray,1302,SGD,EIS Cage Accessories
Singapore,Fiber Tray | Additional Cable Exit | Vertical Drop | 4in | 100mm,Fiber Tray,385,SGD,EIS Cage Accessories
South Africa,Basket Tray | 12in | 300mm | Wide,Basket Tray,6524,ZAR,EIS Cage Accessories
South Africa,Basket Tray | Additional Cable Exit | Vertical Drop,Basket Tray,1680,ZAR,EIS Cage Accessories
South Africa,Fiber Tray | 12in | 300mm | Wide,Fiber Tray,19093,ZAR,EIS Cage Accessories
South Africa,Fiber Tray | Additional Cable Exit | Vertical Drop | 4in | 100mm,Fiber Tray,4480,ZAR,EIS Cage Accessories
Spain,Copper Tray | 12in | 300mm | Wide,Copper Tray,429,EUR,EIS Cage Accessories
Spain,Copper Tray | 18in | 460mm | Wide,Copper Tray,443,EUR,EIS Cage Accessories
Spain,Fiber Tray | 12in | 300mm | Wide,Fiber Tray,583,EUR,EIS Cage Accessories
Spain,Fiber Tray | 4in | 100mm | Wide,Fiber Tray,311,EUR,EIS Cage Accessories
Spain,Fiber Tray | 6in | 150mm | Wide,Fiber Tray,417,EUR,EIS Cage Accessories
Spain,Fiber Tray | Additional Cable Exit | Vertical Drop | 2in | 50mm,Fiber Tray,82,EUR,EIS Cage Accessories
Spain,Fiber Tray | Additional Cable Exit | Vertical Drop | 4in | 100mm,Fiber Tray,154,EUR,EIS Cage Accessories
Sweden,Copper Tray | 12in | 300mm | Wide,Copper Tray,4337,SEK,EIS Cage Accessories
Sweden,Copper Tray | 18in | 460mm | Wide,Copper Tray,5138,SEK,EIS Cage Accessories
Sweden,Fiber Tray | 12in | 300mm | Wide,Fiber Tray,6385,SEK,EIS Cage Accessories
Sweden,Fiber Tray | 4in | 100mm | Wide,Fiber Tray,3579,SEK,EIS Cage Accessories
Sweden,Fiber Tray | 6in | 150mm | Wide,Fiber Tray,4908,SEK,EIS Cage Accessories
Sweden,Fiber Tray | Additional Cable Exit | Vertical Drop | 2in | 50mm,Fiber Tray,900,SEK,EIS Cage Accessories
Sweden,Fiber Tray | Additional Cable Exit | Vertical Drop | 4in | 100mm,Fiber Tray,1691,SEK,EIS Cage Accessories
Switzerland,Copper Tray | 12in | 300mm | Wide,Copper Tray,368,CHF,EIS Cage Accessories
Switzerland,Copper Tray | 18in | 460mm | Wide,Copper Tray,435,CHF,EIS Cage Accessories
Switzerland,Fiber Tray | 12in | 300mm | Wide,Fiber Tray,541,CHF,EIS Cage Accessories
Switzerland,Fiber Tray | 4in | 100mm | Wide,Fiber Tray,303,CHF,EIS Cage Accessories
Switzerland,Fiber Tray | 6in | 150mm | Wide,Fiber Tray,417,CHF,EIS Cage Accessories
Switzerland,Fiber Tray | Additional Cable Exit | Vertical Drop | 2in | 50mm,Fiber Tray,76,CHF,EIS Cage Accessories
Switzerland,Fiber Tray | Additional Cable Exit | Vertical Drop | 4in | 100mm,Fiber Tray,144,CHF,EIS Cage Accessories
United Kingdom,Copper Tray | 12in | 300mm | Wide,Copper Tray,343,GBP,EIS Cage Accessories
United Kingdom,Copper Tray | 18in | 460mm | Wide,Copper Tray,406,GBP,EIS Cage Accessories
United Kingdom,Fiber Tray | 12in | 300mm | Wide,Fiber Tray,504,GBP,EIS Cage Accessories
United Kingdom,Fiber Tray | 4in | 100mm | Wide,Fiber Tray,346,GBP,EIS Cage Accessories
United Kingdom,Fiber Tray | 6in | 150mm | Wide,Fiber Tray,388,GBP,EIS Cage Accessories
United Kingdom,Fiber Tray | Additional Cable Exit | Vertical Drop | 2in | 50mm,Fiber Tray,71,GBP,EIS Cage Accessories
United Kingdom,Fiber Tray | Additional Cable Exit | Vertical Drop | 4in | 100mm,Fiber Tray,134,GBP,EIS Cage Accessories
United States,Basket Tray | 12in | 300mm | Wide,Basket Tray,637,USD,EIS Cage Accessories
United States,Basket Tray | 2in | Divider Strip,Basket Tray,83,USD,EIS Cage Accessories
United States,Basket Tray | 4in | 100mm | Wide,Basket Tray,570,USD,EIS Cage Accessories
United States,Basket Tray | 6in | 150mm | Wide,Basket Tray,587,USD,EIS Cage Accessories
United States,Basket Tray | 8in | 200mm | Wide,Basket Tray,603,USD,EIS Cage Accessories
United States,Basket Tray | Additional Cable Exit | Vertical Drop,Basket Tray,70,USD,EIS Cage Accessories
United States,Basket Tray | Cable DropOut Kit,Basket Tray,80,USD,EIS Cage Accessories
United States,Basket Tray | RADT90 Radius Shield,Basket Tray,112,USD,EIS Cage Accessories
United States,Basket Tray | Water Fall DropOut,Basket Tray,133,USD,EIS Cage Accessories
United States,Copper Tray | 12in | 300mm | Wide,Copper Tray,433,USD,EIS Cage Accessories
United States,Copper Tray | 18in | 460mm | Wide,Copper Tray,467,USD,EIS Cage Accessories
United States,Fiber Tray | 12in | 300mm | Wide,Fiber Tray,725,USD,EIS Cage Accessories
United States,Fiber Tray | 4in | 100mm | Wide,Fiber Tray,597,USD,EIS Cage Accessories
United States,Fiber Tray | 6in | 150mm | Wide,Fiber Tray,675,USD,EIS Cage Accessories
United States,Fiber Tray | Additional Cable Exit | Vertical Drop | 2in | 50mm,Fiber Tray,130,USD,EIS Cage Accessories
United States,Fiber Tray | Additional Cable Exit | Vertical Drop | 4in | 100mm,Fiber Tray,192,USD,EIS Cage Accessories
United States,Structured Cabling | 12 Port Copper Module,C-Connex|M-ADPT-12P-CAT6A-RJ45-NS-BLK,184,USD,EIS Cage Accessories
United States,Structured Cabling | 1RU Panel,C-Connex|M-1U-4S-TEL-BLK-EQ,210,USD,EIS Cage Accessories
United States,Structured Cabling | 24 Strand Fiber Cables (MPO),C-Connex|X-MT-24F-OM4-A1-LSZH-11-11-B-AQ-A,363,USD,EIS Cage Accessories
United States,Structured Cabling | 24 Strand MMF Module,C-Connex|M-CSST-24F-MM-LCU-MPO-SH-BLK,423,USD,EIS Cage Accessories
United States,Structured Cabling | 3RU Panel,C-Connex|M-3U-12S-BLK-EQ,384,USD,EIS Cage Accessories
United States,Structured Cabling | Copper Cables (6 Pack),C-Connex|MT-6B-CAT6-LSZH-16-16,341,USD,EIS Cage Accessories
United States,Structured Cabling | Installation + Site Survey + Testing,Myriad|MYD-PS-EQ-NA-SC-BUNDLE,15950,USD,EIS Cage Accessories
